<?xml version="1.0" encoding="UTF-8"?>
<project-private xmlns="http://www.netbeans.org/ns/project-private/1">
    <editor-bookmarks xmlns="http://www.netbeans.org/ns/editor-bookmarks/2" lastBookmarkId="0"/>
    <open-files xmlns="http://www.netbeans.org/ns/projectui-open-files/2">
        <group>
            <file>file:/C:/Users/badri/OneDrive/Documents/NetBeansProjects/universitymanagement/src/university/management/system/Login.java</file>
            <file>file:/C:/Users/badri/OneDrive/Documents/NetBeansProjects/universitymanagement/src/university/management/system/conn.java</file>
            <file>file:/C:/Users/badri/OneDrive/Documents/NetBeansProjects/universitymanagement/src/university/management/system/AddTeacher.java</file>
            <file>file:/C:/Users/badri/OneDrive/Documents/NetBeansProjects/universitymanagement/src/university/management/system/TeacherAttendance.java</file>
            <file>file:/C:/Users/badri/OneDrive/Documents/NetBeansProjects/universitymanagement/src/university/management/system/TeacherAttendanceDetail.java</file>
            <file>file:/C:/Users/badri/OneDrive/Documents/NetBeansProjects/universitymanagement/src/university/management/system/StudentAttendance.java</file>
            <file>file:/C:/Users/badri/OneDrive/Documents/NetBeansProjects/universitymanagement/src/university/management/system/UpdateTeacher.java</file>
            <file>file:/C:/Users/badri/OneDrive/Documents/NetBeansProjects/universitymanagement/src/university/management/system/FeeStructure.java</file>
            <file>file:/C:/Users/badri/OneDrive/Documents/NetBeansProjects/universitymanagement/src/university/management/system/Marks.java</file>
            <file>file:/C:/Users/badri/OneDrive/Documents/NetBeansProjects/universitymanagement/src/university/management/system/Project.java</file>
            <file>file:/C:/Users/badri/OneDrive/Documents/NetBeansProjects/universitymanagement/src/university/management/system/EnterMarks.java</file>
            <file>file:/C:/Users/badri/OneDrive/Documents/NetBeansProjects/universitymanagement/src/university/management/system/UpdateStudent.java</file>
            <file>file:/C:/Users/badri/OneDrive/Documents/NetBeansProjects/universitymanagement/src/university/management/system/ExaminationDetails.java</file>
            <file>file:/C:/Users/badri/OneDrive/Documents/NetBeansProjects/universitymanagement/src/university/management/system/AddStudent.java</file>
            <file>file:/C:/Users/badri/OneDrive/Documents/NetBeansProjects/universitymanagement/src/university/management/system/StudentDetails.java</file>
            <file>file:/C:/Users/badri/OneDrive/Documents/NetBeansProjects/universitymanagement/src/university/management/system/TeacherDetails.java</file>
            <file>file:/C:/Users/badri/OneDrive/Documents/NetBeansProjects/universitymanagement/src/university/management/system/StudentAttendanceDetail.java</file>
        </group>
    </open-files>
</project-private>
